sample;marker;measured
vz1;a_1;82
vz1;a_2;81
vz1;b_1;85
vz1;b_2;84
vz1;c_1;93
vz1;c_2;89
vz1;d_1;99
vz1;d_2;95
vz1;e_1;96
vz1;e_2;100
vz1;f_1;93
vz1;f_2;91
vz1;g_1;89
vz1;g_2;84
vz1;h_1;92
vz1;h_2;83
vz1;i_1;86
vz1;i_2;98
vz1;j_1;94
vz1;j_2;89
vz1;k_1;83
vz1;k_2;89
vz1;l_1;87
vz1;l_2;80
vz1;m_1;94
vz1;m_2;94
vz1;n_1;87
vz1;n_2;83
vz1;o_1;90
vz1;o_2;100
vz2;a_1;88
vz2;a_2;99
vz2;b_1;85
vz2;b_2;90
vz2;c_1;91
vz2;c_2;96
vz2;d_1;94
vz2;d_2;85
vz2;e_1;97
vz2;e_2;96
vz2;f_1;83
vz2;f_2;80
vz2;g_1;93
vz2;g_2;88
vz2;h_1;90
vz2;h_2;85
vz2;i_1;90
vz2;i_2;99
vz2;j_1;81
vz2;j_2;90
vz2;k_1;96
vz2;k_2;88
vz2;l_1;88
vz2;l_2;87
vz2;m_1;84
vz2;m_2;81
vz2;n_1;81
vz2;n_2;94
vz2;o_1;87
vz2;o_2;85
vz3;a_1;88
vz3;a_2;97
vz3;b_1;86
vz3;b_2;80
vz3;c_1;100
vz3;c_2;93
vz3;d_1;95
vz3;d_2;94
vz3;e_1;91
vz3;e_2;90
vz3;f_1;99
vz3;f_2;94
vz3;g_1;95
vz3;g_2;97
vz3;h_1;95
vz3;h_2;84
vz3;i_1;86
vz3;i_2;90
vz3;j_1;95
vz3;j_2;88
vz3;k_1;88
vz3;k_2;82
vz3;l_1;97
vz3;l_2;92
vz3;m_1;86
vz3;m_2;93
vz3;n_1;87
vz3;n_2;93
vz3;o_1;94
vz3;o_2;91
vz4;a_1;80
vz4;a_2;96
vz4;b_1;80
vz4;b_2;80
vz4;c_1;82
vz4;c_2;98
vz4;d_1;89
vz4;d_2;91
vz4;e_1;92
vz4;e_2;87
vz4;f_1;89
vz4;f_2;93
vz4;g_1;93
vz4;g_2;81
vz4;h_1;85
vz4;h_2;81
vz4;i_1;86
vz4;i_2;82
vz4;j_1;84
vz4;j_2;93
vz4;k_1;82
vz4;k_2;97
vz4;l_1;86
vz4;l_2;97
vz4;m_1;100
vz4;m_2;95
vz4;n_1;87
vz4;n_2;82
vz4;o_1;95
vz4;o_2;91
vz5;a_1;87
vz5;a_2;91
vz5;b_1;94
vz5;b_2;95
vz5;c_1;99
vz5;c_2;94
vz5;d_1;92
vz5;d_2;85
vz5;e_1;84
vz5;e_2;97
vz5;f_1;92
vz5;f_2;83
vz5;g_1;93
vz5;g_2;80
vz5;h_1;96
vz5;h_2;80
vz5;i_1;82
vz5;i_2;82
vz5;j_1;86
vz5;j_2;98
vz5;k_1;89
vz5;k_2;97
vz5;l_1;86
vz5;l_2;93
vz5;m_1;91
vz5;m_2;87
vz5;n_1;93
vz5;n_2;80
vz5;o_1;84
vz5;o_2;87
vz6;a_1;90
vz6;a_2;81
vz6;b_1;83
vz6;b_2;93
vz6;c_1;93
vz6;c_2;100
vz6;d_1;86
vz6;d_2;80
vz6;e_1;94
vz6;e_2;89
vz6;f_1;98
vz6;f_2;80
vz6;g_1;81
vz6;g_2;90
vz6;h_1;81
vz6;h_2;82
vz6;i_1;89
vz6;i_2;83
vz6;j_1;81
vz6;j_2;96
vz6;k_1;90
vz6;k_2;93
vz6;l_1;83
vz6;l_2;84
vz6;m_1;100
vz6;m_2;86
vz6;n_1;89
vz6;n_2;98
vz6;o_1;100
vz6;o_2;99
vz7;a_1;97
vz7;a_2;87
vz7;b_1;93
vz7;b_2;100
vz7;c_1;95
vz7;c_2;99
vz7;d_1;86
vz7;d_2;90
vz7;e_1;81
vz7;e_2;89
vz7;f_1;89
vz7;f_2;90
vz7;g_1;84
vz7;g_2;99
vz7;h_1;97
vz7;h_2;86
vz7;i_1;85
vz7;i_2;98
vz7;j_1;99
vz7;j_2;83
vz7;k_1;99
vz7;k_2;91
vz7;l_1;83
vz7;l_2;98
vz7;m_1;95
vz7;m_2;83
vz7;n_1;92
vz7;n_2;94
vz7;o_1;83
vz7;o_2;94
vz8;a_1;95
vz8;a_2;98
vz8;b_1;99
vz8;b_2;98
vz8;c_1;81
vz8;c_2;82
vz8;d_1;94
vz8;d_2;98
vz8;e_1;95
vz8;e_2;100
vz8;f_1;93
vz8;f_2;81
vz8;g_1;99
vz8;g_2;85
vz8;h_1;100
vz8;h_2;80
vz8;i_1;94
vz8;i_2;95
vz8;j_1;93
vz8;j_2;84
vz8;k_1;86
vz8;k_2;93
vz8;l_1;92
vz8;l_2;92
vz8;m_1;93
vz8;m_2;96
vz8;n_1;99
vz8;n_2;81
vz8;o_1;96
vz8;o_2;81
vz9;a_1;80
vz9;a_2;85
vz9;b_1;87
vz9;b_2;87
vz9;c_1;98
vz9;c_2;82
vz9;d_1;89
vz9;d_2;88
vz9;e_1;86
vz9;e_2;93
vz9;f_1;92
vz9;f_2;94
vz9;g_1;92
vz9;g_2;98
vz9;h_1;95
vz9;h_2;85
vz9;i_1;89
vz9;i_2;94
vz9;j_1;81
vz9;j_2;85
vz9;k_1;97
vz9;k_2;99
vz9;l_1;100
vz9;l_2;86
vz9;m_1;94
vz9;m_2;98
vz9;n_1;96
vz9;n_2;94
vz9;o_1;84
vz9;o_2;80
vz10;a_1;81
vz10;a_2;83
vz10;b_1;100
vz10;b_2;96
vz10;c_1;82
vz10;c_2;81
vz10;d_1;92
vz10;d_2;81
vz10;e_1;92
vz10;e_2;88
vz10;f_1;91
vz10;f_2;92
vz10;g_1;86
vz10;g_2;94
vz10;h_1;87
vz10;h_2;91
vz10;i_1;93
vz10;i_2;88
vz10;j_1;85
vz10;j_2;100
vz10;k_1;98
vz10;k_2;93
vz10;l_1;82
vz10;l_2;87
vz10;m_1;82
vz10;m_2;82
vz10;n_1;89
vz10;n_2;88
vz10;o_1;86
vz10;o_2;93
vz11;a_1;85
vz11;a_2;83
vz11;b_1;99
vz11;b_2;96
vz11;c_1;80
vz11;c_2;83
vz11;d_1;80
vz11;d_2;92
vz11;e_1;88
vz11;e_2;100
vz11;f_1;88
vz11;f_2;96
vz11;g_1;83
vz11;g_2;99
vz11;h_1;100
vz11;h_2;81
vz11;i_1;91
vz11;i_2;92
vz11;j_1;81
vz11;j_2;84
vz11;k_1;99
vz11;k_2;99
vz11;l_1;94
vz11;l_2;88
vz11;m_1;97
vz11;m_2;88
vz11;n_1;91
vz11;n_2;81
vz11;o_1;84
vz11;o_2;92
vz12;a_1;80
vz12;a_2;99
vz12;b_1;83
vz12;b_2;95
vz12;c_1;95
vz12;c_2;84
vz12;d_1;97
vz12;d_2;98
vz12;e_1;89
vz12;e_2;96
vz12;f_1;100
vz12;f_2;100
vz12;g_1;89
vz12;g_2;80
vz12;h_1;89
vz12;h_2;90
vz12;i_1;88
vz12;i_2;98
vz12;j_1;94
vz12;j_2;80
vz12;k_1;91
vz12;k_2;82
vz12;l_1;88
vz12;l_2;95
vz12;m_1;85
vz12;m_2;96
vz12;n_1;95
vz12;n_2;85
vz12;o_1;87
vz12;o_2;95
vz13;a_1;80
vz13;a_2;92
vz13;b_1;87
vz13;b_2;82
vz13;c_1;84
vz13;c_2;82
vz13;d_1;87
vz13;d_2;92
vz13;e_1;88
vz13;e_2;99
vz13;f_1;90
vz13;f_2;88
vz13;g_1;81
vz13;g_2;87
vz13;h_1;98
vz13;h_2;81
vz13;i_1;81
vz13;i_2;91
vz13;j_1;91
vz13;j_2;92
vz13;k_1;86
vz13;k_2;93
vz13;l_1;91
vz13;l_2;97
vz13;m_1;82
vz13;m_2;87
vz13;n_1;86
vz13;n_2;92
vz13;o_1;90
vz13;o_2;98
vz14;a_1;99
vz14;a_2;85
vz14;b_1;91
vz14;b_2;98
vz14;c_1;87
vz14;c_2;93
vz14;d_1;91
vz14;d_2;97
vz14;e_1;97
vz14;e_2;98
vz14;f_1;89
vz14;f_2;80
vz14;g_1;92
vz14;g_2;89
vz14;h_1;97
vz14;h_2;82
vz14;i_1;97
vz14;i_2;85
vz14;j_1;82
vz14;j_2;100
vz14;k_1;86
vz14;k_2;92
vz14;l_1;98
vz14;l_2;80
vz14;m_1;96
vz14;m_2;82
vz14;n_1;99
vz14;n_2;97
vz14;o_1;84
vz14;o_2;99
vz15;a_1;91
vz15;a_2;100
vz15;b_1;86
vz15;b_2;83
vz15;c_1;92
vz15;c_2;86
vz15;d_1;92
vz15;d_2;98
vz15;e_1;80
vz15;e_2;88
vz15;f_1;99
vz15;f_2;80
vz15;g_1;94
vz15;g_2;88
vz15;h_1;81
vz15;h_2;96
vz15;i_1;95
vz15;i_2;83
vz15;j_1;94
vz15;j_2;87
vz15;k_1;92
vz15;k_2;85
vz15;l_1;91
vz15;l_2;95
vz15;m_1;95
vz15;m_2;92
vz15;n_1;89
vz15;n_2;97
vz15;o_1;80
vz15;o_2;84
vz16;a_1;85
vz16;a_2;94
vz16;b_1;89
vz16;b_2;87
vz16;c_1;95
vz16;c_2;100
vz16;d_1;90
vz16;d_2;98
vz16;e_1;94
vz16;e_2;93
vz16;f_1;95
vz16;f_2;88
vz16;g_1;94
vz16;g_2;89
vz16;h_1;95
vz16;h_2;98
vz16;i_1;88
vz16;i_2;86
vz16;j_1;95
vz16;j_2;83
vz16;k_1;84
vz16;k_2;91
vz16;l_1;95
vz16;l_2;84
vz16;m_1;90
vz16;m_2;81
vz16;n_1;86
vz16;n_2;81
vz16;o_1;85
vz16;o_2;89
vz17;a_1;94
vz17;a_2;85
vz17;b_1;83
vz17;b_2;96
vz17;c_1;80
vz17;c_2;93
vz17;d_1;84
vz17;d_2;90
vz17;e_1;81
vz17;e_2;96
vz17;f_1;100
vz17;f_2;90
vz17;g_1;92
vz17;g_2;83
vz17;h_1;99
vz17;h_2;94
vz17;i_1;90
vz17;i_2;91
vz17;j_1;89
vz17;j_2;100
vz17;k_1;81
vz17;k_2;97
vz17;l_1;97
vz17;l_2;94
vz17;m_1;93
vz17;m_2;99
vz17;n_1;84
vz17;n_2;99
vz17;o_1;90
vz17;o_2;91
vz18;a_1;81
vz18;a_2;97
vz18;b_1;87
vz18;b_2;87
vz18;c_1;82
vz18;c_2;93
vz18;d_1;89
vz18;d_2;93
vz18;e_1;90
vz18;e_2;81
vz18;f_1;84
vz18;f_2;95
vz18;g_1;81
vz18;g_2;84
vz18;h_1;90
vz18;h_2;84
vz18;i_1;86
vz18;i_2;99
vz18;j_1;100
vz18;j_2;80
vz18;k_1;87
vz18;k_2;96
vz18;l_1;83
vz18;l_2;85
vz18;m_1;94
vz18;m_2;89
vz18;n_1;81
vz18;n_2;82
vz18;o_1;80
vz18;o_2;99
vz19;a_1;80
vz19;a_2;100
vz19;b_1;90
vz19;b_2;87
vz19;c_1;89
vz19;c_2;87
vz19;d_1;90
vz19;d_2;93
vz19;e_1;96
vz19;e_2;97
vz19;f_1;88
vz19;f_2;85
vz19;g_1;86
vz19;g_2;85
vz19;h_1;83
vz19;h_2;98
vz19;i_1;80
vz19;i_2;94
vz19;j_1;100
vz19;j_2;88
vz19;k_1;89
vz19;k_2;97
vz19;l_1;80
vz19;l_2;80
vz19;m_1;97
vz19;m_2;88
vz19;n_1;80
vz19;n_2;80
vz19;o_1;88
vz19;o_2;89
vz20;a_1;80
vz20;a_2;96
vz20;b_1;87
vz20;b_2;93
vz20;c_1;86
vz20;c_2;85
vz20;d_1;90
vz20;d_2;86
vz20;e_1;91
vz20;e_2;91
vz20;f_1;91
vz20;f_2;99
vz20;g_1;91
vz20;g_2;97
vz20;h_1;91
vz20;h_2;98
vz20;i_1;83
vz20;i_2;83
vz20;j_1;97
vz20;j_2;91
vz20;k_1;89
vz20;k_2;100
vz20;l_1;94
vz20;l_2;100
vz20;m_1;89
vz20;m_2;100
vz20;n_1;84
vz20;n_2;87
vz20;o_1;93
vz20;o_2;84
vz21;a_1;91
vz21;a_2;80
vz21;b_1;89
vz21;b_2;99
vz21;c_1;84
vz21;c_2;90
vz21;d_1;95
vz21;d_2;91
vz21;e_1;91
vz21;e_2;83
vz21;f_1;83
vz21;f_2;80
vz21;g_1;91
vz21;g_2;87
vz21;h_1;90
vz21;h_2;95
vz21;i_1;96
vz21;i_2;86
vz21;j_1;97
vz21;j_2;99
vz21;k_1;92
vz21;k_2;98
vz21;l_1;87
vz21;l_2;93
vz21;m_1;82
vz21;m_2;95
vz21;n_1;90
vz21;n_2;93
vz21;o_1;86
vz21;o_2;86
vz22;a_1;99
vz22;a_2;97
vz22;b_1;98
vz22;b_2;95
vz22;c_1;100
vz22;c_2;85
vz22;d_1;92
vz22;d_2;98
vz22;e_1;100
vz22;e_2;83
vz22;f_1;88
vz22;f_2;81
vz22;g_1;82
vz22;g_2;89
vz22;h_1;99
vz22;h_2;93
vz22;i_1;80
vz22;i_2;93
vz22;j_1;99
vz22;j_2;97
vz22;k_1;86
vz22;k_2;98
vz22;l_1;80
vz22;l_2;90
vz22;m_1;94
vz22;m_2;90
vz22;n_1;82
vz22;n_2;89
vz22;o_1;92
vz22;o_2;81
vz23;a_1;84
vz23;a_2;99
vz23;b_1;82
vz23;b_2;81
vz23;c_1;99
vz23;c_2;97
vz23;d_1;92
vz23;d_2;82
vz23;e_1;91
vz23;e_2;92
vz23;f_1;92
vz23;f_2;81
vz23;g_1;86
vz23;g_2;85
vz23;h_1;91
vz23;h_2;94
vz23;i_1;81
vz23;i_2;96
vz23;j_1;99
vz23;j_2;98
vz23;k_1;93
vz23;k_2;90
vz23;l_1;88
vz23;l_2;100
vz23;m_1;97
vz23;m_2;87
vz23;n_1;98
vz23;n_2;89
vz23;o_1;82
vz23;o_2;94
vz24;a_1;80
vz24;a_2;97
vz24;b_1;87
vz24;b_2;97
vz24;c_1;84
vz24;c_2;92
vz24;d_1;87
vz24;d_2;83
vz24;e_1;92
vz24;e_2;97
vz24;f_1;86
vz24;f_2;99
vz24;g_1;98
vz24;g_2;84
vz24;h_1;81
vz24;h_2;88
vz24;i_1;96
vz24;i_2;98
vz24;j_1;85
vz24;j_2;82
vz24;k_1;93
vz24;k_2;96
vz24;l_1;100
vz24;l_2;94
vz24;m_1;89
vz24;m_2;83
vz24;n_1;83
vz24;n_2;92
vz24;o_1;100
vz24;o_2;90
vz25;a_1;93
vz25;a_2;80
vz25;b_1;96
vz25;b_2;80
vz25;c_1;96
vz25;c_2;100
vz25;d_1;81
vz25;d_2;92
vz25;e_1;81
vz25;e_2;97
vz25;f_1;95
vz25;f_2;86
vz25;g_1;85
vz25;g_2;89
vz25;h_1;98
vz25;h_2;89
vz25;i_1;83
vz25;i_2;87
vz25;j_1;92
vz25;j_2;83
vz25;k_1;95
vz25;k_2;95
vz25;l_1;91
vz25;l_2;89
vz25;m_1;98
vz25;m_2;81
vz25;n_1;86
vz25;n_2;87
vz25;o_1;98
vz25;o_2;82
vz26;a_1;100
vz26;a_2;81
vz26;b_1;92
vz26;b_2;82
vz26;c_1;89
vz26;c_2;83
vz26;d_1;92
vz26;d_2;98
vz26;e_1;80
vz26;e_2;96
vz26;f_1;96
vz26;f_2;96
vz26;g_1;98
vz26;g_2;100
vz26;h_1;89
vz26;h_2;98
vz26;i_1;82
vz26;i_2;98
vz26;j_1;89
vz26;j_2;94
vz26;k_1;88
vz26;k_2;87
vz26;l_1;97
vz26;l_2;85
vz26;m_1;92
vz26;m_2;91
vz26;n_1;84
vz26;n_2;87
vz26;o_1;88
vz26;o_2;91
vz27;a_1;80
vz27;a_2;95
vz27;b_1;99
vz27;b_2;83
vz27;c_1;84
vz27;c_2;84
vz27;d_1;86
vz27;d_2;98
vz27;e_1;88
vz27;e_2;88
vz27;f_1;94
vz27;f_2;85
vz27;g_1;97
vz27;g_2;100
vz27;h_1;92
vz27;h_2;81
vz27;i_1;80
vz27;i_2;86
vz27;j_1;90
vz27;j_2;89
vz27;k_1;90
vz27;k_2;98
vz27;l_1;88
vz27;l_2;96
vz27;m_1;95
vz27;m_2;81
vz27;n_1;83
vz27;n_2;93
vz27;o_1;94
vz27;o_2;100
vz28;a_1;92
vz28;a_2;81
vz28;b_1;100
vz28;b_2;83
vz28;c_1;100
vz28;c_2;96
vz28;d_1;98
vz28;d_2;99
vz28;e_1;87
vz28;e_2;89
vz28;f_1;83
vz28;f_2;94
vz28;g_1;96
vz28;g_2;85
vz28;h_1;93
vz28;h_2;90
vz28;i_1;91
vz28;i_2;88
vz28;j_1;84
vz28;j_2;80
vz28;k_1;93
vz28;k_2;100
vz28;l_1;83
vz28;l_2;90
vz28;m_1;88
vz28;m_2;87
vz28;n_1;90
vz28;n_2;90
vz28;o_1;96
vz28;o_2;81
vz29;a_1;80
vz29;a_2;99
vz29;b_1;84
vz29;b_2;88
vz29;c_1;94
vz29;c_2;95
vz29;d_1;89
vz29;d_2;87
vz29;e_1;87
vz29;e_2;94
vz29;f_1;91
vz29;f_2;83
vz29;g_1;84
vz29;g_2;80
vz29;h_1;91
vz29;h_2;86
vz29;i_1;88
vz29;i_2;84
vz29;j_1;99
vz29;j_2;83
vz29;k_1;83
vz29;k_2;86
vz29;l_1;91
vz29;l_2;100
vz29;m_1;89
vz29;m_2;95
vz29;n_1;84
vz29;n_2;88
vz29;o_1;91
vz29;o_2;88
vz30;a_1;80
vz30;a_2;80
vz30;b_1;100
vz30;b_2;85
vz30;c_1;90
vz30;c_2;83
vz30;d_1;83
vz30;d_2;97
vz30;e_1;98
vz30;e_2;94
vz30;f_1;96
vz30;f_2;81
vz30;g_1;96
vz30;g_2;91
vz30;h_1;91
vz30;h_2;94
vz30;i_1;98
vz30;i_2;95
vz30;j_1;89
vz30;j_2;84
vz30;k_1;95
vz30;k_2;81
vz30;l_1;80
vz30;l_2;94
vz30;m_1;100
vz30;m_2;87
vz30;n_1;91
vz30;n_2;88
vz30;o_1;84
vz30;o_2;81
vz31;a_1;97
vz31;a_2;88
vz31;b_1;88
vz31;b_2;89
vz31;c_1;97
vz31;c_2;81
vz31;d_1;100
vz31;d_2;96
vz31;e_1;91
vz31;e_2;84
vz31;f_1;90
vz31;f_2;97
vz31;g_1;99
vz31;g_2;84
vz31;h_1;93
vz31;h_2;91
vz31;i_1;92
vz31;i_2;93
vz31;j_1;96
vz31;j_2;81
vz31;k_1;90
vz31;k_2;93
vz31;l_1;90
vz31;l_2;85
vz31;m_1;83
vz31;m_2;90
vz31;n_1;99
vz31;n_2;84
vz31;o_1;85
vz31;o_2;91
vz32;a_1;100
vz32;a_2;94
vz32;b_1;95
vz32;b_2;84
vz32;c_1;93
vz32;c_2;90
vz32;d_1;94
vz32;d_2;91
vz32;e_1;82
vz32;e_2;94
vz32;f_1;95
vz32;f_2;89
vz32;g_1;93
vz32;g_2;95
vz32;h_1;86
vz32;h_2;80
vz32;i_1;93
vz32;i_2;85
vz32;j_1;85
vz32;j_2;93
vz32;k_1;94
vz32;k_2;95
vz32;l_1;90
vz32;l_2;87
vz32;m_1;96
vz32;m_2;87
vz32;n_1;89
vz32;n_2;99
vz32;o_1;97
vz32;o_2;80
vz33;a_1;97
vz33;a_2;83
vz33;b_1;85
vz33;b_2;81
vz33;c_1;91
vz33;c_2;85
vz33;d_1;82
vz33;d_2;86
vz33;e_1;87
vz33;e_2;90
vz33;f_1;98
vz33;f_2;90
vz33;g_1;93
vz33;g_2;86
vz33;h_1;87
vz33;h_2;99
vz33;i_1;95
vz33;i_2;81
vz33;j_1;96
vz33;j_2;94
vz33;k_1;93
vz33;k_2;96
vz33;l_1;96
vz33;l_2;97
vz33;m_1;83
vz33;m_2;91
vz33;n_1;93
vz33;n_2;100
vz33;o_1;94
vz33;o_2;83
vz34;a_1;88
vz34;a_2;97
vz34;b_1;100
vz34;b_2;91
vz34;c_1;83
vz34;c_2;81
vz34;d_1;94
vz34;d_2;83
vz34;e_1;82
vz34;e_2;86
vz34;f_1;97
vz34;f_2;84
vz34;g_1;85
vz34;g_2;89
vz34;h_1;98
vz34;h_2;81
vz34;i_1;88
vz34;i_2;99
vz34;j_1;100
vz34;j_2;94
vz34;k_1;81
vz34;k_2;99
vz34;l_1;93
vz34;l_2;95
vz34;m_1;82
vz34;m_2;85
vz34;n_1;86
vz34;n_2;88
vz34;o_1;99
vz34;o_2;89
vz35;a_1;93
vz35;a_2;87
vz35;b_1;93
vz35;b_2;95
vz35;c_1;94
vz35;c_2;80
vz35;d_1;81
vz35;d_2;100
vz35;e_1;81
vz35;e_2;100
vz35;f_1;84
vz35;f_2;92
vz35;g_1;91
vz35;g_2;82
vz35;h_1;83
vz35;h_2;94
vz35;i_1;100
vz35;i_2;98
vz35;j_1;85
vz35;j_2;84
vz35;k_1;84
vz35;k_2;91
vz35;l_1;99
vz35;l_2;98
vz35;m_1;95
vz35;m_2;98
vz35;n_1;84
vz35;n_2;100
vz35;o_1;88
vz35;o_2;98
vz36;a_1;85
vz36;a_2;90
vz36;b_1;83
vz36;b_2;96
vz36;c_1;94
vz36;c_2;87
vz36;d_1;98
vz36;d_2;89
vz36;e_1;92
vz36;e_2;95
vz36;f_1;96
vz36;f_2;94
vz36;g_1;86
vz36;g_2;96
vz36;h_1;85
vz36;h_2;85
vz36;i_1;82
vz36;i_2;98
vz36;j_1;97
vz36;j_2;93
vz36;k_1;84
vz36;k_2;97
vz36;l_1;92
vz36;l_2;97
vz36;m_1;94
vz36;m_2;93
vz36;n_1;99
vz36;n_2;80
vz36;o_1;97
vz36;o_2;92
vz37;a_1;88
vz37;a_2;80
vz37;b_1;94
vz37;b_2;99
vz37;c_1;85
vz37;c_2;94
vz37;d_1;82
vz37;d_2;97
vz37;e_1;96
vz37;e_2;89
vz37;f_1;82
vz37;f_2;96
vz37;g_1;91
vz37;g_2;92
vz37;h_1;92
vz37;h_2;89
vz37;i_1;84
vz37;i_2;99
vz37;j_1;85
vz37;j_2;87
vz37;k_1;88
vz37;k_2;95
vz37;l_1;96
vz37;l_2;90
vz37;m_1;86
vz37;m_2;96
vz37;n_1;91
vz37;n_2;86
vz37;o_1;97
vz37;o_2;81
vz38;a_1;91
vz38;a_2;89
vz38;b_1;85
vz38;b_2;100
vz38;c_1;87
vz38;c_2;83
vz38;d_1;88
vz38;d_2;95
vz38;e_1;82
vz38;e_2;95
vz38;f_1;96
vz38;f_2;90
vz38;g_1;97
vz38;g_2;90
vz38;h_1;88
vz38;h_2;96
vz38;i_1;90
vz38;i_2;93
vz38;j_1;84
vz38;j_2;96
vz38;k_1;98
vz38;k_2;80
vz38;l_1;85
vz38;l_2;96
vz38;m_1;85
vz38;m_2;82
vz38;n_1;93
vz38;n_2;93
vz38;o_1;92
vz38;o_2;90
vz39;a_1;90
vz39;a_2;98
vz39;b_1;88
vz39;b_2;93
vz39;c_1;89
vz39;c_2;95
vz39;d_1;80
vz39;d_2;96
vz39;e_1;81
vz39;e_2;86
vz39;f_1;96
vz39;f_2;98
vz39;g_1;89
vz39;g_2;94
vz39;h_1;80
vz39;h_2;84
vz39;i_1;92
vz39;i_2;95
vz39;j_1;88
vz39;j_2;83
vz39;k_1;100
vz39;k_2;84
vz39;l_1;83
vz39;l_2;81
vz39;m_1;88
vz39;m_2;99
vz39;n_1;99
vz39;n_2;94
vz39;o_1;84
vz39;o_2;84
vz40;a_1;92
vz40;a_2;93
vz40;b_1;96
vz40;b_2;95
vz40;c_1;89
vz40;c_2;96
vz40;d_1;84
vz40;d_2;94
vz40;e_1;98
vz40;e_2;81
vz40;f_1;92
vz40;f_2;100
vz40;g_1;87
vz40;g_2;91
vz40;h_1;80
vz40;h_2;99
vz40;i_1;97
vz40;i_2;98
vz40;j_1;89
vz40;j_2;97
vz40;k_1;94
vz40;k_2;82
vz40;l_1;93
vz40;l_2;94
vz40;m_1;96
vz40;m_2;84
vz40;n_1;89
vz40;n_2;96
vz40;o_1;90
vz40;o_2;91
vz41;a_1;96
vz41;a_2;94
vz41;b_1;95
vz41;b_2;84
vz41;c_1;90
vz41;c_2;95
vz41;d_1;99
vz41;d_2;87
vz41;e_1;80
vz41;e_2;93
vz41;f_1;99
vz41;f_2;85
vz41;g_1;100
vz41;g_2;100
vz41;h_1;87
vz41;h_2;90
vz41;i_1;99
vz41;i_2;100
vz41;j_1;95
vz41;j_2;85
vz41;k_1;96
vz41;k_2;98
vz41;l_1;95
vz41;l_2;93
vz41;m_1;81
vz41;m_2;92
vz41;n_1;86
vz41;n_2;90
vz41;o_1;100
vz41;o_2;89
vz42;a_1;98
vz42;a_2;95
vz42;b_1;86
vz42;b_2;96
vz42;c_1;90
vz42;c_2;87
vz42;d_1;91
vz42;d_2;90
vz42;e_1;86
vz42;e_2;96
vz42;f_1;82
vz42;f_2;81
vz42;g_1;87
vz42;g_2;94
vz42;h_1;86
vz42;h_2;86
vz42;i_1;95
vz42;i_2;91
vz42;j_1;90
vz42;j_2;95
vz42;k_1;96
vz42;k_2;100
vz42;l_1;99
vz42;l_2;88
vz42;m_1;93
vz42;m_2;93
vz42;n_1;85
vz42;n_2;85
vz42;o_1;84
vz42;o_2;90
vz43;a_1;84
vz43;a_2;92
vz43;b_1;84
vz43;b_2;87
vz43;c_1;90
vz43;c_2;92
vz43;d_1;100
vz43;d_2;83
vz43;e_1;82
vz43;e_2;84
vz43;f_1;99
vz43;f_2;83
vz43;g_1;93
vz43;g_2;93
vz43;h_1;85
vz43;h_2;86
vz43;i_1;92
vz43;i_2;99
vz43;j_1;85
vz43;j_2;95
vz43;k_1;100
vz43;k_2;94
vz43;l_1;90
vz43;l_2;95
vz43;m_1;98
vz43;m_2;91
vz43;n_1;85
vz43;n_2;92
vz43;o_1;86
vz43;o_2;98
vz44;a_1;95
vz44;a_2;88
vz44;b_1;99
vz44;b_2;87
vz44;c_1;89
vz44;c_2;84
vz44;d_1;93
vz44;d_2;89
vz44;e_1;93
vz44;e_2;100
vz44;f_1;89
vz44;f_2;99
vz44;g_1;86
vz44;g_2;87
vz44;h_1;83
vz44;h_2;95
vz44;i_1;89
vz44;i_2;87
vz44;j_1;97
vz44;j_2;85
vz44;k_1;87
vz44;k_2;83
vz44;l_1;87
vz44;l_2;89
vz44;m_1;85
vz44;m_2;94
vz44;n_1;93
vz44;n_2;98
vz44;o_1;94
vz44;o_2;82
vz45;a_1;88
vz45;a_2;81
vz45;b_1;97
vz45;b_2;99
vz45;c_1;81
vz45;c_2;95
vz45;d_1;84
vz45;d_2;100
vz45;e_1;99
vz45;e_2;92
vz45;f_1;83
vz45;f_2;98
vz45;g_1;93
vz45;g_2;81
vz45;h_1;97
vz45;h_2;83
vz45;i_1;80
vz45;i_2;86
vz45;j_1;86
vz45;j_2;82
vz45;k_1;95
vz45;k_2;80
vz45;l_1;95
vz45;l_2;98
vz45;m_1;87
vz45;m_2;89
vz45;n_1;95
vz45;n_2;91
vz45;o_1;95
vz45;o_2;94
vz46;a_1;97
vz46;a_2;89
vz46;b_1;85
vz46;b_2;80
vz46;c_1;82
vz46;c_2;89
vz46;d_1;96
vz46;d_2;91
vz46;e_1;97
vz46;e_2;93
vz46;f_1;86
vz46;f_2;88
vz46;g_1;80
vz46;g_2;84
vz46;h_1;84
vz46;h_2;94
vz46;i_1;90
vz46;i_2;92
vz46;j_1;84
vz46;j_2;88
vz46;k_1;87
vz46;k_2;100
vz46;l_1;100
vz46;l_2;83
vz46;m_1;97
vz46;m_2;81
vz46;n_1;89
vz46;n_2;90
vz46;o_1;86
vz46;o_2;88
vz47;a_1;95
vz47;a_2;83
vz47;b_1;97
vz47;b_2;92
vz47;c_1;89
vz47;c_2;86
vz47;d_1;82
vz47;d_2;81
vz47;e_1;86
vz47;e_2;85
vz47;f_1;86
vz47;f_2;88
vz47;g_1;99
vz47;g_2;93
vz47;h_1;83
vz47;h_2;83
vz47;i_1;82
vz47;i_2;93
vz47;j_1;83
vz47;j_2;99
vz47;k_1;84
vz47;k_2;88
vz47;l_1;92
vz47;l_2;83
vz47;m_1;88
vz47;m_2;82
vz47;n_1;99
vz47;n_2;96
vz47;o_1;82
vz47;o_2;81
vz48;a_1;83
vz48;a_2;83
vz48;b_1;88
vz48;b_2;86
vz48;c_1;83
vz48;c_2;84
vz48;d_1;100
vz48;d_2;93
vz48;e_1;82
vz48;e_2;91
vz48;f_1;81
vz48;f_2;100
vz48;g_1;98
vz48;g_2;83
vz48;h_1;100
vz48;h_2;99
vz48;i_1;86
vz48;i_2;80
vz48;j_1;97
vz48;j_2;99
vz48;k_1;80
vz48;k_2;80
vz48;l_1;80
vz48;l_2;82
vz48;m_1;100
vz48;m_2;90
vz48;n_1;91
vz48;n_2;88
vz48;o_1;99
vz48;o_2;98
vz49;a_1;96
vz49;a_2;80
vz49;b_1;95
vz49;b_2;93
vz49;c_1;98
vz49;c_2;98
vz49;d_1;87
vz49;d_2;98
vz49;e_1;94
vz49;e_2;91
vz49;f_1;89
vz49;f_2;81
vz49;g_1;91
vz49;g_2;81
vz49;h_1;98
vz49;h_2;83
vz49;i_1;82
vz49;i_2;81
vz49;j_1;86
vz49;j_2;91
vz49;k_1;80
vz49;k_2;95
vz49;l_1;96
vz49;l_2;96
vz49;m_1;89
vz49;m_2;88
vz49;n_1;92
vz49;n_2;84
vz49;o_1;86
vz49;o_2;97
vz50;a_1;86
vz50;a_2;91
vz50;b_1;86
vz50;b_2;93
vz50;c_1;92
vz50;c_2;93
vz50;d_1;85
vz50;d_2;96
vz50;e_1;95
vz50;e_2;83
vz50;f_1;97
vz50;f_2;92
vz50;g_1;88
vz50;g_2;100
vz50;h_1;95
vz50;h_2;98
vz50;i_1;97
vz50;i_2;84
vz50;j_1;98
vz50;j_2;93
vz50;k_1;81
vz50;k_2;88
vz50;l_1;83
vz50;l_2;88
vz50;m_1;91
vz50;m_2;91
vz50;n_1;90
vz50;n_2;82
vz50;o_1;96
vz50;o_2;95
vz51;a_1;86
vz51;a_2;86
vz51;b_1;84
vz51;b_2;96
vz51;c_1;85
vz51;c_2;100
vz51;d_1;86
vz51;d_2;80
vz51;e_1;100
vz51;e_2;81
vz51;f_1;90
vz51;f_2;93
vz51;g_1;84
vz51;g_2;82
vz51;h_1;98
vz51;h_2;96
vz51;i_1;85
vz51;i_2;82
vz51;j_1;82
vz51;j_2;92
vz51;k_1;90
vz51;k_2;85
vz51;l_1;82
vz51;l_2;81
vz51;m_1;82
vz51;m_2;96
vz51;n_1;83
vz51;n_2;88
vz51;o_1;98
vz51;o_2;93
vz52;a_1;98
vz52;a_2;87
vz52;b_1;83
vz52;b_2;83
vz52;c_1;90
vz52;c_2;81
vz52;d_1;92
vz52;d_2;99
vz52;e_1;85
vz52;e_2;80
vz52;f_1;83
vz52;f_2;84
vz52;g_1;93
vz52;g_2;99
vz52;h_1;98
vz52;h_2;92
vz52;i_1;82
vz52;i_2;88
vz52;j_1;84
vz52;j_2;90
vz52;k_1;82
vz52;k_2;80
vz52;l_1;99
vz52;l_2;89
vz52;m_1;87
vz52;m_2;88
vz52;n_1;95
vz52;n_2;91
vz52;o_1;88
vz52;o_2;94
vz53;a_1;88
vz53;a_2;80
vz53;b_1;98
vz53;b_2;84
vz53;c_1;100
vz53;c_2;88
vz53;d_1;95
vz53;d_2;87
vz53;e_1;83
vz53;e_2;82
vz53;f_1;98
vz53;f_2;85
vz53;g_1;91
vz53;g_2;98
vz53;h_1;80
vz53;h_2;81
vz53;i_1;98
vz53;i_2;100
vz53;j_1;80
vz53;j_2;83
vz53;k_1;98
vz53;k_2;83
vz53;l_1;99
vz53;l_2;92
vz53;m_1;98
vz53;m_2;100
vz53;n_1;95
vz53;n_2;84
vz53;o_1;94
vz53;o_2;90
vz54;a_1;80
vz54;a_2;96
vz54;b_1;82
vz54;b_2;97
vz54;c_1;92
vz54;c_2;90
vz54;d_1;85
vz54;d_2;88
vz54;e_1;86
vz54;e_2;83
vz54;f_1;82
vz54;f_2;98
vz54;g_1;86
vz54;g_2;89
vz54;h_1;83
vz54;h_2;81
vz54;i_1;86
vz54;i_2;99
vz54;j_1;83
vz54;j_2;95
vz54;k_1;82
vz54;k_2;91
vz54;l_1;80
vz54;l_2;95
vz54;m_1;86
vz54;m_2;94
vz54;n_1;87
vz54;n_2;100
vz54;o_1;93
vz54;o_2;90
vz55;a_1;93
vz55;a_2;95
vz55;b_1;85
vz55;b_2;80
vz55;c_1;99
vz55;c_2;97
vz55;d_1;93
vz55;d_2;98
vz55;e_1;93
vz55;e_2;86
vz55;f_1;83
vz55;f_2;96
vz55;g_1;95
vz55;g_2;86
vz55;h_1;82
vz55;h_2;85
vz55;i_1;95
vz55;i_2;90
vz55;j_1;80
vz55;j_2;87
vz55;k_1;94
vz55;k_2;81
vz55;l_1;98
vz55;l_2;97
vz55;m_1;80
vz55;m_2;87
vz55;n_1;99
vz55;n_2;95
vz55;o_1;88
vz55;o_2;81
vz56;a_1;100
vz56;a_2;91
vz56;b_1;99
vz56;b_2;96
vz56;c_1;97
vz56;c_2;83
vz56;d_1;100
vz56;d_2;82
vz56;e_1;85
vz56;e_2;94
vz56;f_1;82
vz56;f_2;100
vz56;g_1;91
vz56;g_2;91
vz56;h_1;95
vz56;h_2;89
vz56;i_1;80
vz56;i_2;86
vz56;j_1;91
vz56;j_2;97
vz56;k_1;99
vz56;k_2;94
vz56;l_1;98
vz56;l_2;81
vz56;m_1;93
vz56;m_2;84
vz56;n_1;95
vz56;n_2;100
vz56;o_1;80
vz56;o_2;90
vz57;a_1;81
vz57;a_2;80
vz57;b_1;87
vz57;b_2;89
vz57;c_1;97
vz57;c_2;91
vz57;d_1;98
vz57;d_2;81
vz57;e_1;82
vz57;e_2;91
vz57;f_1;83
vz57;f_2;84
vz57;g_1;96
vz57;g_2;89
vz57;h_1;90
vz57;h_2;98
vz57;i_1;100
vz57;i_2;82
vz57;j_1;83
vz57;j_2;92
vz57;k_1;96
vz57;k_2;82
vz57;l_1;87
vz57;l_2;96
vz57;m_1;95
vz57;m_2;97
vz57;n_1;96
vz57;n_2;100
vz57;o_1;82
vz57;o_2;89
vz58;a_1;82
vz58;a_2;81
vz58;b_1;98
vz58;b_2;96
vz58;c_1;83
vz58;c_2;81
vz58;d_1;80
vz58;d_2;83
vz58;e_1;86
vz58;e_2;99
vz58;f_1;85
vz58;f_2;81
vz58;g_1;100
vz58;g_2;100
vz58;h_1;98
vz58;h_2;92
vz58;i_1;83
vz58;i_2;91
vz58;j_1;88
vz58;j_2;84
vz58;k_1;82
vz58;k_2;82
vz58;l_1;88
vz58;l_2;95
vz58;m_1;81
vz58;m_2;92
vz58;n_1;96
vz58;n_2;87
vz58;o_1;82
vz58;o_2;96
vz59;a_1;87
vz59;a_2;91
vz59;b_1;80
vz59;b_2;99
vz59;c_1;90
vz59;c_2;98
vz59;d_1;96
vz59;d_2;88
vz59;e_1;92
vz59;e_2;98
vz59;f_1;95
vz59;f_2;97
vz59;g_1;91
vz59;g_2;81
vz59;h_1;82
vz59;h_2;91
vz59;i_1;96
vz59;i_2;80
vz59;j_1;96
vz59;j_2;84
vz59;k_1;99
vz59;k_2;83
vz59;l_1;89
vz59;l_2;88
vz59;m_1;98
vz59;m_2;96
vz59;n_1;87
vz59;n_2;95
vz59;o_1;81
vz59;o_2;93
vz60;a_1;98
vz60;a_2;83
vz60;b_1;95
vz60;b_2;94
vz60;c_1;97
vz60;c_2;99
vz60;d_1;82
vz60;d_2;100
vz60;e_1;95
vz60;e_2;84
vz60;f_1;93
vz60;f_2;86
vz60;g_1;83
vz60;g_2;94
vz60;h_1;84
vz60;h_2;80
vz60;i_1;85
vz60;i_2;98
vz60;j_1;94
vz60;j_2;100
vz60;k_1;93
vz60;k_2;84
vz60;l_1;95
vz60;l_2;94
vz60;m_1;85
vz60;m_2;89
vz60;n_1;91
vz60;n_2;86
vz60;o_1;90
vz60;o_2;80
vz61;a_1;94
vz61;a_2;84
vz61;b_1;90
vz61;b_2;95
vz61;c_1;98
vz61;c_2;81
vz61;d_1;87
vz61;d_2;92
vz61;e_1;84
vz61;e_2;90
vz61;f_1;89
vz61;f_2;97
vz61;g_1;93
vz61;g_2;88
vz61;h_1;86
vz61;h_2;90
vz61;i_1;91
vz61;i_2;81
vz61;j_1;94
vz61;j_2;95
vz61;k_1;91
vz61;k_2;92
vz61;l_1;86
vz61;l_2;82
vz61;m_1;87
vz61;m_2;92
vz61;n_1;87
vz61;n_2;85
vz61;o_1;87
vz61;o_2;95
vz62;a_1;95
vz62;a_2;96
vz62;b_1;81
vz62;b_2;96
vz62;c_1;80
vz62;c_2;90
vz62;d_1;93
vz62;d_2;96
vz62;e_1;81
vz62;e_2;82
vz62;f_1;95
vz62;f_2;98
vz62;g_1;81
vz62;g_2;84
vz62;h_1;95
vz62;h_2;91
vz62;i_1;94
vz62;i_2;92
vz62;j_1;85
vz62;j_2;93
vz62;k_1;96
vz62;k_2;82
vz62;l_1;84
vz62;l_2;83
vz62;m_1;95
vz62;m_2;94
vz62;n_1;82
vz62;n_2;88
vz62;o_1;82
vz62;o_2;86
vz63;a_1;85
vz63;a_2;88
vz63;b_1;97
vz63;b_2;99
vz63;c_1;97
vz63;c_2;100
vz63;d_1;98
vz63;d_2;99
vz63;e_1;99
vz63;e_2;94
vz63;f_1;97
vz63;f_2;95
vz63;g_1;93
vz63;g_2;99
vz63;h_1;94
vz63;h_2;96
vz63;i_1;84
vz63;i_2;99
vz63;j_1;80
vz63;j_2;94
vz63;k_1;95
vz63;k_2;80
vz63;l_1;89
vz63;l_2;80
vz63;m_1;96
vz63;m_2;94
vz63;n_1;93
vz63;n_2;85
vz63;o_1;96
vz63;o_2;85
vz64;a_1;93
vz64;a_2;85
vz64;b_1;89
vz64;b_2;83
vz64;c_1;90
vz64;c_2;86
vz64;d_1;95
vz64;d_2;89
vz64;e_1;100
vz64;e_2;99
vz64;f_1;82
vz64;f_2;99
vz64;g_1;97
vz64;g_2;98
vz64;h_1;96
vz64;h_2;84
vz64;i_1;97
vz64;i_2;94
vz64;j_1;98
vz64;j_2;84
vz64;k_1;84
vz64;k_2;90
vz64;l_1;86
vz64;l_2;99
vz64;m_1;97
vz64;m_2;82
vz64;n_1;91
vz64;n_2;95
vz64;o_1;85
vz64;o_2;85
vz65;a_1;88
vz65;a_2;88
vz65;b_1;94
vz65;b_2;83
vz65;c_1;94
vz65;c_2;100
vz65;d_1;94
vz65;d_2;82
vz65;e_1;99
vz65;e_2;95
vz65;f_1;85
vz65;f_2;100
vz65;g_1;84
vz65;g_2;92
vz65;h_1;89
vz65;h_2;80
vz65;i_1;87
vz65;i_2;83
vz65;j_1;98
vz65;j_2;85
vz65;k_1;90
vz65;k_2;97
vz65;l_1;99
vz65;l_2;88
vz65;m_1;93
vz65;m_2;90
vz65;n_1;98
vz65;n_2;82
vz65;o_1;95
vz65;o_2;86
vz66;a_1;88
vz66;a_2;81
vz66;b_1;89
vz66;b_2;81
vz66;c_1;83
vz66;c_2;81
vz66;d_1;93
vz66;d_2;100
vz66;e_1;97
vz66;e_2;84
vz66;f_1;84
vz66;f_2;89
vz66;g_1;100
vz66;g_2;92
vz66;h_1;80
vz66;h_2;97
vz66;i_1;98
vz66;i_2;89
vz66;j_1;98
vz66;j_2;96
vz66;k_1;94
vz66;k_2;80
vz66;l_1;82
vz66;l_2;84
vz66;m_1;81
vz66;m_2;100
vz66;n_1;93
vz66;n_2;90
vz66;o_1;83
vz66;o_2;91
vz67;a_1;95
vz67;a_2;89
vz67;b_1;93
vz67;b_2;98
vz67;c_1;82
vz67;c_2;93
vz67;d_1;88
vz67;d_2;93
vz67;e_1;86
vz67;e_2;94
vz67;f_1;94
vz67;f_2;88
vz67;g_1;96
vz67;g_2;98
vz67;h_1;82
vz67;h_2;83
vz67;i_1;81
vz67;i_2;83
vz67;j_1;90
vz67;j_2;95
vz67;k_1;93
vz67;k_2;93
vz67;l_1;80
vz67;l_2;99
vz67;m_1;82
vz67;m_2;81
vz67;n_1;97
vz67;n_2;87
vz67;o_1;86
vz67;o_2;86
vz68;a_1;92
vz68;a_2;87
vz68;b_1;92
vz68;b_2;97
vz68;c_1;96
vz68;c_2;80
vz68;d_1;98
vz68;d_2;100
vz68;e_1;83
vz68;e_2;95
vz68;f_1;97
vz68;f_2;100
vz68;g_1;88
vz68;g_2;88
vz68;h_1;99
vz68;h_2;90
vz68;i_1;99
vz68;i_2;88
vz68;j_1;81
vz68;j_2;89
vz68;k_1;95
vz68;k_2;95
vz68;l_1;86
vz68;l_2;91
vz68;m_1;92
vz68;m_2;85
vz68;n_1;84
vz68;n_2;92
vz68;o_1;94
vz68;o_2;95
vz69;a_1;97
vz69;a_2;85
vz69;b_1;98
vz69;b_2;86
vz69;c_1;87
vz69;c_2;95
vz69;d_1;98
vz69;d_2;82
vz69;e_1;97
vz69;e_2;87
vz69;f_1;100
vz69;f_2;93
vz69;g_1;81
vz69;g_2;96
vz69;h_1;98
vz69;h_2;99
vz69;i_1;85
vz69;i_2;95
vz69;j_1;81
vz69;j_2;85
vz69;k_1;99
vz69;k_2;98
vz69;l_1;99
vz69;l_2;95
vz69;m_1;82
vz69;m_2;90
vz69;n_1;90
vz69;n_2;100
vz69;o_1;100
vz69;o_2;87
vz70;a_1;94
vz70;a_2;94
vz70;b_1;82
vz70;b_2;83
vz70;c_1;83
vz70;c_2;84
vz70;d_1;99
vz70;d_2;89
vz70;e_1;94
vz70;e_2;83
vz70;f_1;97
vz70;f_2;93
vz70;g_1;97
vz70;g_2;100
vz70;h_1;86
vz70;h_2;80
vz70;i_1;85
vz70;i_2;84
vz70;j_1;85
vz70;j_2;87
vz70;k_1;81
vz70;k_2;95
vz70;l_1;95
vz70;l_2;84
vz70;m_1;84
vz70;m_2;99
vz70;n_1;80
vz70;n_2;84
vz70;o_1;92
vz70;o_2;86
vz71;a_1;85
vz71;a_2;85
vz71;b_1;91
vz71;b_2;91
vz71;c_1;87
vz71;c_2;92
vz71;d_1;92
vz71;d_2;85
vz71;e_1;91
vz71;e_2;96
vz71;f_1;88
vz71;f_2;92
vz71;g_1;87
vz71;g_2;86
vz71;h_1;82
vz71;h_2;81
vz71;i_1;82
vz71;i_2;99
vz71;j_1;87
vz71;j_2;96
vz71;k_1;96
vz71;k_2;84
vz71;l_1;87
vz71;l_2;100
vz71;m_1;85
vz71;m_2;95
vz71;n_1;89
vz71;n_2;94
vz71;o_1;85
vz71;o_2;97
vz72;a_1;91
vz72;a_2;81
vz72;b_1;96
vz72;b_2;87
vz72;c_1;98
vz72;c_2;91
vz72;d_1;88
vz72;d_2;98
vz72;e_1;98
vz72;e_2;94
vz72;f_1;96
vz72;f_2;88
vz72;g_1;97
vz72;g_2;92
vz72;h_1;84
vz72;h_2;93
vz72;i_1;88
vz72;i_2;81
vz72;j_1;89
vz72;j_2;92
vz72;k_1;80
vz72;k_2;86
vz72;l_1;95
vz72;l_2;91
vz72;m_1;96
vz72;m_2;82
vz72;n_1;88
vz72;n_2;95
vz72;o_1;85
vz72;o_2;86
vz73;a_1;82
vz73;a_2;98
vz73;b_1;81
vz73;b_2;92
vz73;c_1;80
vz73;c_2;90
vz73;d_1;90
vz73;d_2;93
vz73;e_1;97
vz73;e_2;93
vz73;f_1;88
vz73;f_2;88
vz73;g_1;90
vz73;g_2;91
vz73;h_1;82
vz73;h_2;83
vz73;i_1;89
vz73;i_2;82
vz73;j_1;93
vz73;j_2;97
vz73;k_1;85
vz73;k_2;88
vz73;l_1;80
vz73;l_2;97
vz73;m_1;83
vz73;m_2;99
vz73;n_1;89
vz73;n_2;97
vz73;o_1;100
vz73;o_2;80
vz74;a_1;82
vz74;a_2;85
vz74;b_1;99
vz74;b_2;100
vz74;c_1;97
vz74;c_2;87
vz74;d_1;100
vz74;d_2;100
vz74;e_1;94
vz74;e_2;81
vz74;f_1;89
vz74;f_2;88
vz74;g_1;88
vz74;g_2;87
vz74;h_1;81
vz74;h_2;94
vz74;i_1;84
vz74;i_2;90
vz74;j_1;98
vz74;j_2;90
vz74;k_1;84
vz74;k_2;86
vz74;l_1;90
vz74;l_2;94
vz74;m_1;93
vz74;m_2;93
vz74;n_1;80
vz74;n_2;87
vz74;o_1;89
vz74;o_2;92
vz75;a_1;84
vz75;a_2;98
vz75;b_1;99
vz75;b_2;90
vz75;c_1;94
vz75;c_2;80
vz75;d_1;99
vz75;d_2;83
vz75;e_1;90
vz75;e_2;86
vz75;f_1;89
vz75;f_2;89
vz75;g_1;85
vz75;g_2;80
vz75;h_1;94
vz75;h_2;99
vz75;i_1;87
vz75;i_2;91
vz75;j_1;93
vz75;j_2;87
vz75;k_1;91
vz75;k_2;82
vz75;l_1;87
vz75;l_2;84
vz75;m_1;80
vz75;m_2;97
vz75;n_1;97
vz75;n_2;99
vz75;o_1;85
vz75;o_2;85
vz76;a_1;87
vz76;a_2;84
vz76;b_1;80
vz76;b_2;93
vz76;c_1;92
vz76;c_2;86
vz76;d_1;81
vz76;d_2;84
vz76;e_1;91
vz76;e_2;94
vz76;f_1;80
vz76;f_2;81
vz76;g_1;82
vz76;g_2;100
vz76;h_1;85
vz76;h_2;82
vz76;i_1;96
vz76;i_2;90
vz76;j_1;88
vz76;j_2;94
vz76;k_1;83
vz76;k_2;91
vz76;l_1;86
vz76;l_2;100
vz76;m_1;82
vz76;m_2;93
vz76;n_1;90
vz76;n_2;92
vz76;o_1;98
vz76;o_2;94
vz77;a_1;94
vz77;a_2;86
vz77;b_1;99
vz77;b_2;93
vz77;c_1;85
vz77;c_2;91
vz77;d_1;88
vz77;d_2;83
vz77;e_1;82
vz77;e_2;82
vz77;f_1;81
vz77;f_2;86
vz77;g_1;83
vz77;g_2;91
vz77;h_1;81
vz77;h_2;84
vz77;i_1;99
vz77;i_2;82
vz77;j_1;90
vz77;j_2;92
vz77;k_1;93
vz77;k_2;82
vz77;l_1;84
vz77;l_2;92
vz77;m_1;92
vz77;m_2;90
vz77;n_1;89
vz77;n_2;100
vz77;o_1;93
vz77;o_2;90
vz78;a_1;91
vz78;a_2;92
vz78;b_1;94
vz78;b_2;96
vz78;c_1;97
vz78;c_2;97
vz78;d_1;92
vz78;d_2;99
vz78;e_1;80
vz78;e_2;95
vz78;f_1;88
vz78;f_2;98
vz78;g_1;88
vz78;g_2;80
vz78;h_1;81
vz78;h_2;93
vz78;i_1;96
vz78;i_2;97
vz78;j_1;98
vz78;j_2;80
vz78;k_1;95
vz78;k_2;94
vz78;l_1;95
vz78;l_2;83
vz78;m_1;92
vz78;m_2;96
vz78;n_1;89
vz78;n_2;98
vz78;o_1;99
vz78;o_2;100
vz79;a_1;96
vz79;a_2;83
vz79;b_1;99
vz79;b_2;96
vz79;c_1;87
vz79;c_2;97
vz79;d_1;95
vz79;d_2;83
vz79;e_1;98
vz79;e_2;87
vz79;f_1;96
vz79;f_2;84
vz79;g_1;90
vz79;g_2;90
vz79;h_1;86
vz79;h_2;83
vz79;i_1;85
vz79;i_2;87
vz79;j_1;81
vz79;j_2;83
vz79;k_1;95
vz79;k_2;93
vz79;l_1;98
vz79;l_2;83
vz79;m_1;94
vz79;m_2;80
vz79;n_1;96
vz79;n_2;91
vz79;o_1;81
vz79;o_2;92
vz80;a_1;97
vz80;a_2;99
vz80;b_1;92
vz80;b_2;80
vz80;c_1;98
vz80;c_2;84
vz80;d_1;83
vz80;d_2;88
vz80;e_1;82
vz80;e_2;86
vz80;f_1;95
vz80;f_2;93
vz80;g_1;90
vz80;g_2;100
vz80;h_1;89
vz80;h_2;86
vz80;i_1;94
vz80;i_2;93
vz80;j_1;84
vz80;j_2;90
vz80;k_1;99
vz80;k_2;99
vz80;l_1;93
vz80;l_2;81
vz80;m_1;100
vz80;m_2;97
vz80;n_1;88
vz80;n_2;97
vz80;o_1;82
vz80;o_2;80
vz81;a_1;98
vz81;a_2;89
vz81;b_1;81
vz81;b_2;92
vz81;c_1;91
vz81;c_2;99
vz81;d_1;97
vz81;d_2;85
vz81;e_1;82
vz81;e_2;82
vz81;f_1;80
vz81;f_2;92
vz81;g_1;100
vz81;g_2;98
vz81;h_1;92
vz81;h_2;95
vz81;i_1;90
vz81;i_2;81
vz81;j_1;82
vz81;j_2;82
vz81;k_1;98
vz81;k_2;84
vz81;l_1;83
vz81;l_2;90
vz81;m_1;91
vz81;m_2;93
vz81;n_1;85
vz81;n_2;99
vz81;o_1;81
vz81;o_2;81
vz82;a_1;95
vz82;a_2;90
vz82;b_1;95
vz82;b_2;85
vz82;c_1;95
vz82;c_2;95
vz82;d_1;92
vz82;d_2;93
vz82;e_1;82
vz82;e_2;83
vz82;f_1;84
vz82;f_2;85
vz82;g_1;85
vz82;g_2;80
vz82;h_1;99
vz82;h_2;87
vz82;i_1;97
vz82;i_2;93
vz82;j_1;88
vz82;j_2;86
vz82;k_1;97
vz82;k_2;80
vz82;l_1;98
vz82;l_2;89
vz82;m_1;83
vz82;m_2;99
vz82;n_1;95
vz82;n_2;97
vz82;o_1;84
vz82;o_2;96
vz83;a_1;89
vz83;a_2;89
vz83;b_1;86
vz83;b_2;92
vz83;c_1;94
vz83;c_2;88
vz83;d_1;89
vz83;d_2;97
vz83;e_1;99
vz83;e_2;99
vz83;f_1;100
vz83;f_2;89
vz83;g_1;89
vz83;g_2;96
vz83;h_1;88
vz83;h_2;98
vz83;i_1;83
vz83;i_2;82
vz83;j_1;91
vz83;j_2;99
vz83;k_1;93
vz83;k_2;82
vz83;l_1;88
vz83;l_2;93
vz83;m_1;91
vz83;m_2;80
vz83;n_1;91
vz83;n_2;86
vz83;o_1;88
vz83;o_2;96
vz84;a_1;86
vz84;a_2;93
vz84;b_1;99
vz84;b_2;84
vz84;c_1;83
vz84;c_2;86
vz84;d_1;98
vz84;d_2;90
vz84;e_1;100
vz84;e_2;84
vz84;f_1;81
vz84;f_2;91
vz84;g_1;81
vz84;g_2;95
vz84;h_1;90
vz84;h_2;100
vz84;i_1;96
vz84;i_2;91
vz84;j_1;88
vz84;j_2;94
vz84;k_1;85
vz84;k_2;87
vz84;l_1;94
vz84;l_2;93
vz84;m_1;91
vz84;m_2;89
vz84;n_1;100
vz84;n_2;88
vz84;o_1;80
vz84;o_2;97
vz85;a_1;90
vz85;a_2;99
vz85;b_1;95
vz85;b_2;99
vz85;c_1;87
vz85;c_2;94
vz85;d_1;92
vz85;d_2;83
vz85;e_1;86
vz85;e_2;80
vz85;f_1;87
vz85;f_2;96
vz85;g_1;93
vz85;g_2;98
vz85;h_1;98
vz85;h_2;88
vz85;i_1;98
vz85;i_2;81
vz85;j_1;98
vz85;j_2;87
vz85;k_1;96
vz85;k_2;85
vz85;l_1;99
vz85;l_2;94
vz85;m_1;95
vz85;m_2;82
vz85;n_1;97
vz85;n_2;81
vz85;o_1;91
vz85;o_2;91
vz86;a_1;100
vz86;a_2;90
vz86;b_1;100
vz86;b_2;97
vz86;c_1;86
vz86;c_2;97
vz86;d_1;92
vz86;d_2;97
vz86;e_1;96
vz86;e_2;91
vz86;f_1;84
vz86;f_2;81
vz86;g_1;90
vz86;g_2;100
vz86;h_1;94
vz86;h_2;99
vz86;i_1;98
vz86;i_2;91
vz86;j_1;85
vz86;j_2;91
vz86;k_1;83
vz86;k_2;88
vz86;l_1;92
vz86;l_2;96
vz86;m_1;94
vz86;m_2;98
vz86;n_1;82
vz86;n_2;87
vz86;o_1;82
vz86;o_2;96
vz87;a_1;96
vz87;a_2;94
vz87;b_1;80
vz87;b_2;97
vz87;c_1;84
vz87;c_2;98
vz87;d_1;94
vz87;d_2;96
vz87;e_1;86
vz87;e_2;90
vz87;f_1;92
vz87;f_2;92
vz87;g_1;80
vz87;g_2;95
vz87;h_1;81
vz87;h_2;93
vz87;i_1;97
vz87;i_2;84
vz87;j_1;99
vz87;j_2;80
vz87;k_1;80
vz87;k_2;80
vz87;l_1;91
vz87;l_2;90
vz87;m_1;96
vz87;m_2;81
vz87;n_1;80
vz87;n_2;90
vz87;o_1;94
vz87;o_2;80
vz88;a_1;97
vz88;a_2;82
vz88;b_1;82
vz88;b_2;95
vz88;c_1;87
vz88;c_2;99
vz88;d_1;89
vz88;d_2;97
vz88;e_1;86
vz88;e_2;86
vz88;f_1;94
vz88;f_2;84
vz88;g_1;88
vz88;g_2;100
vz88;h_1;91
vz88;h_2;80
vz88;i_1;97
vz88;i_2;89
vz88;j_1;94
vz88;j_2;91
vz88;k_1;96
vz88;k_2;85
vz88;l_1;85
vz88;l_2;89
vz88;m_1;98
vz88;m_2;92
vz88;n_1;81
vz88;n_2;96
vz88;o_1;88
vz88;o_2;88
vz89;a_1;84
vz89;a_2;99
vz89;b_1;93
vz89;b_2;86
vz89;c_1;86
vz89;c_2;82
vz89;d_1;85
vz89;d_2;96
vz89;e_1;96
vz89;e_2;91
vz89;f_1;93
vz89;f_2;97
vz89;g_1;86
vz89;g_2;100
vz89;h_1;89
vz89;h_2;91
vz89;i_1;87
vz89;i_2;98
vz89;j_1;98
vz89;j_2;95
vz89;k_1;86
vz89;k_2;83
vz89;l_1;93
vz89;l_2;98
vz89;m_1;99
vz89;m_2;89
vz89;n_1;85
vz89;n_2;89
vz89;o_1;81
vz89;o_2;80
vz90;a_1;88
vz90;a_2;97
vz90;b_1;86
vz90;b_2;94
vz90;c_1;91
vz90;c_2;99
vz90;d_1;83
vz90;d_2;93
vz90;e_1;81
vz90;e_2;99
vz90;f_1;83
vz90;f_2;81
vz90;g_1;94
vz90;g_2;83
vz90;h_1;88
vz90;h_2;80
vz90;i_1;100
vz90;i_2;98
vz90;j_1;95
vz90;j_2;98
vz90;k_1;83
vz90;k_2;94
vz90;l_1;81
vz90;l_2;84
vz90;m_1;97
vz90;m_2;93
vz90;n_1;93
vz90;n_2;95
vz90;o_1;93
vz90;o_2;88
vz91;a_1;92
vz91;a_2;93
vz91;b_1;85
vz91;b_2;96
vz91;c_1;81
vz91;c_2;84
vz91;d_1;93
vz91;d_2;86
vz91;e_1;82
vz91;e_2;88
vz91;f_1;84
vz91;f_2;98
vz91;g_1;83
vz91;g_2;90
vz91;h_1;83
vz91;h_2;97
vz91;i_1;80
vz91;i_2;89
vz91;j_1;81
vz91;j_2;97
vz91;k_1;90
vz91;k_2;91
vz91;l_1;84
vz91;l_2;94
vz91;m_1;100
vz91;m_2;96
vz91;n_1;86
vz91;n_2;82
vz91;o_1;89
vz91;o_2;96
vz92;a_1;88
vz92;a_2;95
vz92;b_1;100
vz92;b_2;93
vz92;c_1;80
vz92;c_2;87
vz92;d_1;89
vz92;d_2;89
vz92;e_1;86
vz92;e_2;84
vz92;f_1;81
vz92;f_2;95
vz92;g_1;87
vz92;g_2;90
vz92;h_1;100
vz92;h_2;90
vz92;i_1;87
vz92;i_2;87
vz92;j_1;90
vz92;j_2;95
vz92;k_1;96
vz92;k_2;91
vz92;l_1;90
vz92;l_2;83
vz92;m_1;84
vz92;m_2;86
vz92;n_1;94
vz92;n_2;81
vz92;o_1;88
vz92;o_2;80
vz93;a_1;89
vz93;a_2;88
vz93;b_1;93
vz93;b_2;85
vz93;c_1;88
vz93;c_2;85
vz93;d_1;86
vz93;d_2;94
vz93;e_1;97
vz93;e_2;92
vz93;f_1;81
vz93;f_2;84
vz93;g_1;91
vz93;g_2;96
vz93;h_1;86
vz93;h_2;91
vz93;i_1;83
vz93;i_2;90
vz93;j_1;95
vz93;j_2;94
vz93;k_1;95
vz93;k_2;86
vz93;l_1;95
vz93;l_2;96
vz93;m_1;95
vz93;m_2;93
vz93;n_1;84
vz93;n_2;81
vz93;o_1;87
vz93;o_2;98
vz94;a_1;92
vz94;a_2;96
vz94;b_1;100
vz94;b_2;91
vz94;c_1;81
vz94;c_2;93
vz94;d_1;82
vz94;d_2;81
vz94;e_1;83
vz94;e_2;82
vz94;f_1;97
vz94;f_2;86
vz94;g_1;88
vz94;g_2;90
vz94;h_1;99
vz94;h_2;82
vz94;i_1;95
vz94;i_2;82
vz94;j_1;98
vz94;j_2;83
vz94;k_1;85
vz94;k_2;98
vz94;l_1;95
vz94;l_2;88
vz94;m_1;95
vz94;m_2;85
vz94;n_1;89
vz94;n_2;80
vz94;o_1;82
vz94;o_2;98
vz95;a_1;89
vz95;a_2;93
vz95;b_1;91
vz95;b_2;95
vz95;c_1;80
vz95;c_2;88
vz95;d_1;83
vz95;d_2;90
vz95;e_1;94
vz95;e_2;94
vz95;f_1;88
vz95;f_2;96
vz95;g_1;88
vz95;g_2;92
vz95;h_1;99
vz95;h_2;93
vz95;i_1;94
vz95;i_2;88
vz95;j_1;92
vz95;j_2;94
vz95;k_1;88
vz95;k_2;85
vz95;l_1;91
vz95;l_2;93
vz95;m_1;100
vz95;m_2;90
vz95;n_1;89
vz95;n_2;91
vz95;o_1;96
vz95;o_2;88
vz96;a_1;87
vz96;a_2;80
vz96;b_1;97
vz96;b_2;80
vz96;c_1;83
vz96;c_2;98
vz96;d_1;88
vz96;d_2;93
vz96;e_1;82
vz96;e_2;99
vz96;f_1;99
vz96;f_2;86
vz96;g_1;88
vz96;g_2;87
vz96;h_1;94
vz96;h_2;94
vz96;i_1;98
vz96;i_2;95
vz96;j_1;91
vz96;j_2;89
vz96;k_1;90
vz96;k_2;87
vz96;l_1;80
vz96;l_2;89
vz96;m_1;84
vz96;m_2;99
vz96;n_1;92
vz96;n_2;82
vz96;o_1;91
vz96;o_2;95
vz97;a_1;85
vz97;a_2;93
vz97;b_1;94
vz97;b_2;81
vz97;c_1;98
vz97;c_2;80
vz97;d_1;95
vz97;d_2;92
vz97;e_1;85
vz97;e_2;90
vz97;f_1;94
vz97;f_2;82
vz97;g_1;84
vz97;g_2;93
vz97;h_1;84
vz97;h_2;84
vz97;i_1;86
vz97;i_2;95
vz97;j_1;92
vz97;j_2;94
vz97;k_1;84
vz97;k_2;96
vz97;l_1;97
vz97;l_2;84
vz97;m_1;86
vz97;m_2;87
vz97;n_1;86
vz97;n_2;88
vz97;o_1;94
vz97;o_2;85
vz98;a_1;98
vz98;a_2;98
vz98;b_1;92
vz98;b_2;88
vz98;c_1;82
vz98;c_2;92
vz98;d_1;95
vz98;d_2;84
vz98;e_1;91
vz98;e_2;86
vz98;f_1;100
vz98;f_2;92
vz98;g_1;100
vz98;g_2;100
vz98;h_1;93
vz98;h_2;85
vz98;i_1;83
vz98;i_2;99
vz98;j_1;100
vz98;j_2;86
vz98;k_1;92
vz98;k_2;88
vz98;l_1;86
vz98;l_2;84
vz98;m_1;98
vz98;m_2;87
vz98;n_1;89
vz98;n_2;97
vz98;o_1;82
vz98;o_2;80
vz99;a_1;87
vz99;a_2;100
vz99;b_1;85
vz99;b_2;98
vz99;c_1;80
vz99;c_2;90
vz99;d_1;94
vz99;d_2;92
vz99;e_1;100
vz99;e_2;82
vz99;f_1;82
vz99;f_2;87
vz99;g_1;81
vz99;g_2;91
vz99;h_1;88
vz99;h_2;99
vz99;i_1;84
vz99;i_2;100
vz99;j_1;98
vz99;j_2;81
vz99;k_1;86
vz99;k_2;93
vz99;l_1;85
vz99;l_2;94
vz99;m_1;81
vz99;m_2;80
vz99;n_1;95
vz99;n_2;85
vz99;o_1;95
vz99;o_2;92
vz100;a_1;96
vz100;a_2;96
vz100;b_1;90
vz100;b_2;98
vz100;c_1;90
vz100;c_2;87
vz100;d_1;90
vz100;d_2;94
vz100;e_1;82
vz100;e_2;83
vz100;f_1;83
vz100;f_2;90
vz100;g_1;91
vz100;g_2;93
vz100;h_1;98
vz100;h_2;99
vz100;i_1;92
vz100;i_2;96
vz100;j_1;81
vz100;j_2;81
vz100;k_1;87
vz100;k_2;88
vz100;l_1;85
vz100;l_2;90
vz100;m_1;87
vz100;m_2;91
vz100;n_1;87
vz100;n_2;85
vz100;o_1;81
vz100;o_2;87
